{
    "vertices":[1,-1,-1,1,-1,1,-1,-1,1,-1,-1,-1,1,0.483751,-0.999999,0.999999,0.483751,1,-1,0.483751,1,-1,0.483751,-1,1,0.483751,-0.999999,0.999999,0.483751,1,-1,0.483751,1,-1,0.483751,-1,-0,1.25096,0],
    "faces":[33,0,1,2,3,0,0,0,0,33,5,4,8,9,1,1,1,1,33,0,4,5,1,2,2,2,2,33,1,5,6,2,3,3,3,3,33,2,6,7,3,4,4,4,4,33,4,0,3,7,5,5,5,5,32,11,10,12,6,6,6,33,7,6,10,11,1,1,1,1,33,4,7,11,8,1,1,1,1,33,6,5,9,10,1,1,1,1,32,8,11,12,7,7,7,32,10,9,12,8,8,8,32,9,8,12,9,9,9],
    "normals":[-0,0,1,0,0,-0,1,0,-0,-0,1,0,-1,-0,0,0,-1,-0,-0.6087,-0,-0.7934,0,-0.6087,-0.793401,-0,0.6087,-0.7934,0.6087,0,-0.793401],
    "uvs":[],
    "name":"CubeGeometry",
    "metadata":{
        "type":"Geometry",
        "generator":"io_three",
        "normals":10,
        "uvs":0,
        "version":3,
        "faces":13,
        "vertices":13
    }
}